Status,Method,Size,Time,URL
200,GET,-1,927.7150000002621,https://www.youtube.com/watch?v=AnvlmQl_31k
204,GET,-1,125.79700000012517,https://i.ytimg.com/generate_204
200,GET,-1,897.8460000002997,https://www.youtube.com/s/player/03dbdfab/player_ias.vflset/en_US/base.js
200,GET,-1,180.12099999987186,https://i.ytimg.com/vi/AnvlmQl_31k/hqdefault.jpg
200,GET,-1,2078.1080000001566,https://www.youtube.com/s/desktop/e718aa11/jsbin/desktop_polymer.vflset/desktop_polymer.js
200,GET,-1,395.97500000036234,https://www.youtube.com/s/desktop/e718aa11/jsbin/web-animations-next-lite.min.vflset/web-animations-next-lite.min.js
200,GET,-1,701.0929999996733,https://www.youtube.com/s/desktop/e718aa11/jsbin/custom-elements-es5-adapter.vflset/custom-elements-es5-adapter.js
200,GET,-1,713.8449999997647,https://www.youtube.com/s/desktop/e718aa11/jsbin/webcomponents-sd.vflset/webcomponents-sd.js
200,GET,-1,736.7239999998674,https://www.youtube.com/s/desktop/e718aa11/jsbin/intersection-observer.min.vflset/intersection-observer.min.js
200,GET,-1,679.3929999998909,https://www.youtube.com/s/desktop/e718aa11/jsbin/scheduler.vflset/scheduler.js
200,GET,-1,679.6840000001794,https://www.youtube.com/s/desktop/e718aa11/jsbin/www-i18n-constants-en_US.vflset/www-i18n-constants.js
200,GET,-1,193.1899999999401,https://fonts.googleapis.com/css2?family=Roboto_old:wght@300;400;500;700&family=YouTube+Sans:wght@300..900&display=swap
200,GET,-1,473.05299999970885,https://www.youtube.com/s/player/03dbdfab/www-player.css
200,GET,-1,439.024000000245,https://www.youtube.com/s/desktop/e718aa11/cssbin/www-main-desktop-watch-page-skeleton.css
200,GET,-1,439.37400000004345,https://www.youtube.com/s/desktop/e718aa11/cssbin/www-main-desktop-player-skeleton.css
200,GET,-1,439.7020000001248,https://www.youtube.com/s/desktop/e718aa11/cssbin/www-onepick.css
200,GET,-1,752.7319999999236,https://www.youtube.com/s/_/ytmainappweb/_/ss/k=ytmainappweb.kevlar_base.tVMwRloXVX8.L.B1.O/am=AACCBA/d=0/br=1/rs=AGKMywHHW8mKN-BLeuyY_Ghbamey2L28cQ
0,GET,-1,30049.082999999882,https://rr2---sn-o5035oxu-n8vl.googlevideo.com/generate_204
0,GET,-1,30056.88800000007,https://rr2---sn-o5035oxu-n8vl.googlevideo.com/generate_204?conn2
200,GET,-1,27.00700000013967,https://www.youtube.com/s/desktop/e718aa11/jsbin/spf.vflset/spf.js
200,GET,-1,34.86000000020795,https://www.youtube.com/s/desktop/e718aa11/jsbin/network.vflset/network.js
200,GET,-1,247.91299999978784,https://fonts.gstatic.com/s/roboto/v32/KFOmCnqEu92Fr1Mu4mxK.woff2
200,GET,-1,62.15999999994892,https://www.youtube.com/s/player/03dbdfab/player_ias.vflset/en_US/offline.js
0,POST,-1,5561.8240000003425,https://rr1---sn-o5035oxu-n8vl.googlevideo.com/videoplayback?expire=1734541924&ei=BK5iZ6_GGOKE0u8PreyE-Ak&ip=37.18.17.49&id=o-ABscxTYOPuAK7faYa1WAeSnxBzwjyRRL-0TEtAia04uA&source=youtube&requiressl=yes&xpc=EgVo2aDSNQ%3D%3D&met=1734520324%2C&mh=Ij&mm=31%2C29&mn=sn-o5035oxu-n8vl%2Csn-axq7sn7z&ms=au%2Crdu&mv=u&mvi=1&pl=25&rms=au%2Cau&spc=x-caUO7fAKOuokYZDp8EbWutv36VOM6lTSYF5JNJVEMePCgXLc3gdN4nIZUaujE&svpuc=1&ns=x2mYX0z1V090gU5efcUK9EcQ&sabr=1&rqh=1&mt=1734518812&fvip=1&keepalive=yes&fexp=51326932%2C51335594%2C51355912%2C51371294&c=WEB&n=kEJuHrccsq4tjw&sparams=expire%2Cei%2Cip%2Cid%2Csource%2Crequiressl%2Cxpc%2Cspc%2Csvpuc%2Cns%2Csabr%2Crqh&sig=AJfQdSswRQIhALskBcQ3vw-xD_myXH-uLWE1tMy2ujLlX1D3F6CJazrHAiAXhSrUDnz0I2GWFYm2-2skBKuJifP3EhidV1zLpp_FkA%3D%3D&lsparams=met%2Cmh%2Cmm%2Cmn%2Cms%2Cmv%2Cmvi%2Cpl%2Crms&lsig=AGluJ3MwRQIgJY58pLo-WtVLObVpQc9hEkgTWJCp-qmOg56KQE4fyTgCIQCJDu2WnhZAuzm5fNOUVkxIeCcm70jC-mUVdmOAn-iWBQ%3D%3D&cpn=kc5spv7jZ4WfROgo&cver=2.20241216.05.00&rn=1&alr=yes
200,GET,-1,105.19299999987197,https://www.youtube.com/s/player/03dbdfab/player_ias.vflset/en_US/remote.js
200,GET,-1,42.81600000012986,https://www.youtube.com/s/player/03dbdfab/player_ias.vflset/en_US/miniplayer.js
200,GET,-1,111.62899999999354,https://www.youtube.com/s/player/03dbdfab/player_ias.vflset/en_US/captions.js
200,GET,-1,66.65699999985009,https://www.youtube.com/s/player/03dbdfab/player_ias.vflset/en_US/endscreen.js
200,GET,-1,87.9970000000867,https://www.youtube.com/s/player/03dbdfab/player_ias.vflset/en_US/annotations_module.js
302,GET,-1,161.449000000085,https://accounts.google.com/ServiceLogin?service=youtube&uilel=3&passive=true&continue=https%3A%2F%2Fwww.youtube.com%2Fsignin%3Faction_handle_signin%3Dtrue%26app%3Ddesktop%26hl%3Den%26next%3D%252Fsignin_passive%26feature%3Dpassive&hl=en
200,POST,-1,279.8640000000887,https://jnn-pa.googleapis.com/$rpc/google.internal.waa.v1.Waa/Create
200,OPTIONS,-1,152.3879999998284,https://jnn-pa.googleapis.com/$rpc/google.internal.waa.v1.Waa/Create
200,GET,-1,177.5009999999928,https://static.doubleclick.net/instream/ad_status.js
200,GET,-1,136.787999999794,https://www.gstatic.com/cv/js/sender/v1/cast_sender.js
200,GET,-1,65.8250000001317,https://www.youtube.com/api/timedtext?v=AnvlmQl_31k&ei=BK5iZ6_GGOKE0u8PreyE-Ak&caps=asr&opi=112496729&exp=xbt&xoaf=5&hl=en&ip=0.0.0.0&ipbits=0&expire=1734545524&sparams=ip%2Cipbits%2Cexpire%2Cv%2Cei%2Ccaps%2Copi%2Cexp%2Cxoaf&signature=F0271846511E703A0591D7DFF017EEB93D5BC67B.247B09B1CA47D731B0D414CEAB2C9496B948D24E&key=yt8&lang=en&fmt=json3&xorb=2&xobt=3&xovt=3&cbr=Chrome&cbrver=109.0.0.0&c=WEB&cver=2.20241216.05.00&cplayer=UNIPLAYER&cos=Windows&cosver=10.0&cplatform=DESKTOP
200,GET,-1,515.2100000000246,https://i.ytimg.com/vi_webp/LZ7ZKHkjbI0/maxresdefault.webp
200,GET,-1,282.50800000023446,https://i.ytimg.com/vi_webp/6fq9tLGOoOk/maxresdefault.webp
200,GET,-1,240.75400000035148,https://yt3.ggpht.com/nydwjeuSorVKbex--XwcPGMnSswE50rWvWMOkJ0bXhQWsFxqx0L17Rz7bBMpY4KGs7SJA2bm5XY=s400-c-k-c0x00ffffff-no-rj
200,GET,-1,185.92200000011871,https://fonts.gstatic.com/s/roboto/v32/KFOlCnqEu92Fr1MmEU9fBBc4.woff2
302,GET,-1,73.76800000020012,https://accounts.google.com/InteractiveLogin?continue=https://www.youtube.com/signin?action_handle_signin%3Dtrue%26app%3Ddesktop%26hl%3Den%26next%3D%252Fsignin_passive%26feature%3Dpassive&hl=en&passive=true&service=youtube&uilel=3&ifkv=AeZLP99NWcNef2e8DEH6Vrs4jwT20hqBrV3xafL6a-urv8-pcxe5D6xA_YuFQZfDl_Cqn55PB01T8A
200,GET,-1,100.032000000283,https://i.ytimg.com/an/hZgikssAJkmiQOv_sO-ngQ/featured_channel.jpg?v=631c5866
403,GET,-1,75.91800000000148,https://accounts.google.com/v3/signin/identifier?continue=https%3A%2F%2Fwww.youtube.com%2Fsignin%3Faction_handle_signin%3Dtrue%26app%3Ddesktop%26hl%3Den%26next%3D%252Fsignin_passive%26feature%3Dpassive&hl=en&ifkv=AeZLP98CG961Dnwl0zWuzLrUj0_R_n9-5QzqzK_e5z4vRIDqbPApRss6i-I015wpFXZ5hDp-jEuYMg&passive=true&service=youtube&uilel=3&flowName=GlifWebSignIn&flowEntry=ServiceLogin&dsh=S1915197542%3A1734520325936742&ddm=1
200,GET,-1,85.5039999996734,https://www.gstatic.com/eureka/clank/109/cast_sender.js
200,POST,-1,146.05299999997843,https://play.google.com/log?format=json&hasfast=true&authuser=0
200,OPTIONS,-1,84.56100000011958,https://play.google.com/log?format=json&hasfast=true&authuser=0
206,GET,-1,137.53799999994953,https://www.youtube.com/s/search/audio/failure.mp3
206,GET,-1,362.5649999999041,https://www.youtube.com/s/search/audio/no_input.mp3
206,GET,-1,369.87299999964307,https://www.youtube.com/s/search/audio/open.mp3
206,GET,-1,357.11700000001656,https://www.youtube.com/s/search/audio/success.mp3
200,GET,-1,87.96200000023865,https://www.google.com/js/th/ga5zxKXcpt3UeeH3-hk2EUAajHTFNllVLrJAQ_s-Fqc.js
302,GET,-1,250.2749999999411,https://googleads.g.doubleclick.net/pagead/id
200,GET,-1,24.654000000282394,https://googleads.g.doubleclick.net/pagead/id?slf_rd=1
200,POST,-1,61.9539999997869,https://jnn-pa.googleapis.com/$rpc/google.internal.waa.v1.Waa/GenerateIT
200,OPTIONS,-1,26.02600000000166,https://jnn-pa.googleapis.com/$rpc/google.internal.waa.v1.Waa/GenerateIT
200,POST,-1,24.97799999991912,https://play.google.com/log?format=json&hasfast=true&authuser=0
200,GET,-1,27.14300000025105,https://www.youtube.com/s/desktop/e718aa11/img/logos/favicon.ico
200,GET,-1,21.40800000006493,https://www.youtube.com/s/desktop/e718aa11/img/logos/favicon_32x32.png
204,GET,-1,18.207000000074913,https://www.youtube.com/generate_204?HYPZJQ
200,GET,-1,188.14800000018295,https://www.youtube.com/sw.js
200,GET,-1,48.13400000011825,https://www.youtube.com/s/desktop/e718aa11/jsbin/serviceworker-kevlar-appshell.vflset/serviceworker-kevlar-appshell.js
200,GET,-1,28.894000000036613,https://www.youtube.com/sw.js_data
200,GET,-1,540.0900000004185,https://fonts.gstatic.com/s/youtubesans/v30/Qw38ZQNGEDjaO2m6tqIqX5E-AVS5_rSejo46_PCTRspJ0OosolrBEJL3HO_T7fE.woff2
200,GET,-1,487.8850000000057,https://fonts.gstatic.com/s/roboto/v32/KFOlCnqEu92Fr1MmWUlfBBc4.woff2
200,GET,-1,40.978999999879306,https://www.gstatic.com/external_hosted/lottie/lottie_light.js
200,GET,-1,26.13000000019383,https://yt3.ggpht.com/nydwjeuSorVKbex--XwcPGMnSswE50rWvWMOkJ0bXhQWsFxqx0L17Rz7bBMpY4KGs7SJA2bm5XY=s48-c-k-c0x00ffffff-no-rj
200,GET,-1,26.941999999962718,https://i.ytimg.com/vi/urTN_2PDw3Q/hqdefault.jpg?sqp=-oaymwEmCKgBEF5IWvKriqkDGQgBFQAAiEIYAdgBAeIBCggYEAIYBjgBQAE=&rs=AOn4CLC6ONlgPBkADnSqdU1y_17rKDE7JQ
200,GET,-1,51.09800000036557,https://fonts.gstatic.com/s/i/youtube_outline/bars_3/v2/24px.svg
200,GET,-1,27.309999999943102,https://www.gstatic.com/youtube/img/icons/web/youtube_fill/ringo2/v3/20px.svg
200,GET,-1,49.27799999995841,https://fonts.gstatic.com/s/i/youtube_outline/x_mark/v4/24px.svg
200,GET,-1,24.927999999817985,https://www.gstatic.com/youtube/img/icons/web/youtube_outline/keyboard-arrow-up/v1/24px.svg
200,GET,-1,47.009999999772845,https://fonts.gstatic.com/s/i/youtube_fill/pause/v6/24px.svg
200,GET,-1,45.98000000032698,https://fonts.gstatic.com/s/i/youtube_outline/search/v9/24px.svg
200,GET,-1,46.027000000322005,https://fonts.gstatic.com/s/i/youtube_fill/volume_on/v3/24px.svg
200,GET,-1,24.192000000311964,https://i.ytimg.com/vi/23QUQMOOhsY/hqdefault.jpg?sqp=-oaymwEmCKgBEF5IWvKriqkDGQgBFQAAiEIYAdgBAeIBCggYEAIYBjgBQAE=&rs=AOn4CLAT6I4iuDfQ8IhJ9R_tXgT1Bp2smQ
200,POST,-1,34.060999999837804,https://www.youtube.com/api/jnn/v1/GenerateIT
200,GET,-1,38.48999999991065,https://i.ytimg.com/vi/PBezPqI1nqE/hqdefault.jpg?sqp=-oaymwEmCKgBEF5IWvKriqkDGQgBFQAAiEIYAdgBAeIBCggYEAIYBjgBQAE=&rs=AOn4CLAjL2kbtUAHgcsDsAP8ircwZtrYUw
200,GET,-1,18.266999999923428,https://www.gstatic.com/youtube/img/lottie/subscribe_action/subscribe_action_container_light_v5.json
200,GET,-1,19.787999999607564,https://www.gstatic.com/youtube/img/lottie/subscribe_action/subscribe_action_sparkles_light_v4.json
200,POST,-1,23.020000000087748,https://play.google.com/log?format=json&hasfast=true&authuser=0
200,GET,-1,26.411000000280183,https://i.ytimg.com/vi/77pHa1YX9b4/hqdefault.jpg?sqp=-oaymwEmCKgBEF5IWvKriqkDGQgBFQAAiEIYAdgBAeIBCggYEAIYBjgBQAE=&rs=AOn4CLB9AJ6zQ_AwvTTDVWqy53tL3Cr0vg
200,GET,-1,28.933999999935622,https://i.ytimg.com/vi/9ugYCufEEZE/hqdefault.jpg?sqp=-oaymwEmCKgBEF5IWvKriqkDGQgBFQAAiEIYAdgBAeIBCggYEAIYBjgBQAE=&rs=AOn4CLAKMMSun8cGbeP8t5VlsrQkYC6CDw
200,GET,-1,22.2009999997681,https://i.ytimg.com/vi/YAzraSdlkKk/hqdefault.jpg?sqp=-oaymwEmCKgBEF5IWvKriqkDGQgBFQAAiEIYAdgBAeIBCggYEAIYBjgBQAE=&rs=AOn4CLDVOMMjt8BxL9Ku8tLmiRzPQunoKA
200,GET,-1,24.76699999988341,https://i.ytimg.com/vi/LZ8tA65FZTA/hqdefault.jpg?sqp=-oaymwEmCKgBEF5IWvKriqkDGQgBFQAAiEIYAdgBAeIBCggYEAIYBjgBQAE=&rs=AOn4CLBwe0PDxDziL_3EL-Dn9WCh1YdRNQ
200,GET,-1,24.561000000176136,https://i.ytimg.com/vi/Q9w6pXmU8zY/hqdefault.jpg?sqp=-oaymwEmCKgBEF5IWvKriqkDGQgBFQAAiEIYAdgBAeIBCggYEAIYBjgBQAE=&rs=AOn4CLCG2OCCq2DwirwaOaKR5n33gOT1vQ
200,GET,-1,24.844000000030064,https://i.ytimg.com/vi/6J2jaCUOwRs/hqdefault.jpg?sqp=-oaymwEmCKgBEF5IWvKriqkDGQgBFQAAiEIYAdgBAeIBCggYEAIYBjgBQAE=&rs=AOn4CLCVAXnNIs7qIpvxAAUUsbEGBvB_Zw
200,GET,-1,27.64600000000428,https://i.ytimg.com/vi/A7ryK09SkCM/hqdefault.jpg?sqp=-oaymwEmCKgBEF5IWvKriqkDGQgBFQAAiEIYAdgBAeIBCggYEAIYBjgBQAE=&rs=AOn4CLBRDbiMmA53PRZFYU3RQul0otROvQ
200,GET,-1,77.75099999980739,https://www.youtube.com/app_shell
200,GET,-1,27.141000000028725,https://i.ytimg.com/vi/HvBmHetStHg/hqdefault.jpg?sqp=-oaymwEmCKgBEF5IWvKriqkDGQgBFQAAiEIYAdgBAeIBCggYEAIYBjgBQAE=&rs=AOn4CLDgGTbrF5d2HNUc39UBvBHClP0YOg
200,GET,0,5.842999999913445,https://www.youtube.com/s/desktop/e718aa11/jsbin/web-animations-next-lite.min.vflset/web-animations-next-lite.min.js
200,GET,0,6.534000000101514,https://www.youtube.com/s/desktop/e718aa11/jsbin/custom-elements-es5-adapter.vflset/custom-elements-es5-adapter.js
200,GET,0,17.916999999670224,https://www.youtube.com/s/desktop/e718aa11/jsbin/webcomponents-sd.vflset/webcomponents-sd.js
200,GET,0,17.132999999830645,https://www.youtube.com/s/desktop/e718aa11/jsbin/intersection-observer.min.vflset/intersection-observer.min.js
200,GET,0,27.767000000039843,https://www.youtube.com/s/desktop/e718aa11/jsbin/scheduler.vflset/scheduler.js
200,GET,0,29.02300000005198,https://www.youtube.com/s/desktop/e718aa11/jsbin/www-i18n-constants-en_US.vflset/www-i18n-constants.js
200,GET,-1,60.36999999969339,https://www.youtube.com/s/desktop/e718aa11/jsbin/www-tampering.vflset/www-tampering.js
200,GET,-1,61.18599999990693,https://www.youtube.com/s/desktop/e718aa11/cssbin/www-main-desktop-home-page-skeleton.css
200,GET,0,62.598999999863736,https://www.youtube.com/s/desktop/e718aa11/cssbin/www-onepick.css
200,GET,0,88.5590000002594,https://www.youtube.com/s/_/ytmainappweb/_/ss/k=ytmainappweb.kevlar_base.tVMwRloXVX8.L.B1.O/am=AACCBA/d=0/br=1/rs=AGKMywHHW8mKN-BLeuyY_Ghbamey2L28cQ
200,GET,0,92.78200000017023,https://www.youtube.com/s/player/03dbdfab/player_ias.vflset/en_US/base.js
200,GET,0,468.44999999984793,https://www.youtube.com/s/desktop/e718aa11/jsbin/desktop_polymer.vflset/desktop_polymer.js
200,GET,0,104.81499999968946,https://www.youtube.com/s/desktop/e718aa11/cssbin/www-main-desktop-watch-page-skeleton.css
200,GET,-1,497.0200000002478,https://www.youtube.com/s/desktop/e718aa11/jsbin/www-searchbox.vflset/www-searchbox.js
200,GET,0,472.8880000002391,https://www.youtube.com/s/player/03dbdfab/player_ias.vflset/en_US/captions.js
200,GET,0,494.684999999663,https://www.youtube.com/s/player/03dbdfab/player_ias.vflset/en_US/endscreen.js
200,GET,0,1440.0009999999384,https://www.youtube.com/s/player/03dbdfab/player_ias.vflset/en_US/offline.js
200,GET,0,1440.0610000002416,https://www.youtube.com/s/player/03dbdfab/player_ias.vflset/en_US/miniplayer.js
200,GET,0,1496.1450000000696,https://www.youtube.com/s/player/03dbdfab/player_ias.vflset/en_US/remote.js
200,GET,0,1498.3509999997295,https://www.youtube.com/s/player/03dbdfab/www-player.css
200,GET,0,1529.4460000000072,https://www.youtube.com/s/desktop/e718aa11/img/logos/favicon.ico
200,GET,0,1530.1559999998062,https://www.youtube.com/s/desktop/e718aa11/jsbin/spf.vflset/spf.js
200,GET,0,1548.9040000002205,https://www.youtube.com/s/desktop/e718aa11/jsbin/network.vflset/network.js
200,GET,-1,29.73500000007334,https://www.google.com/pagead/lvz?evtid=ACd6KtxueE-lBFMnAqC9nsj0TxF6PCeMNH9VACHOrSXatAMTTzO_6qvN9OGtFYuo4gHFRLgb1Bc7fTqQU8mwDNMV1uZPM1Uh_A&req_ts=1734520324&pg=MainAppBootstrap%3AWatch&az=1&sigh=AB9vU41-0xcfqI1jEGeIJarnWIP72RnxSA
200,GET,-1,133.33500000037117,https://www.google.ru/pagead/lvz?evtid=ACd6KtxueE-lBFMnAqC9nsj0TxF6PCeMNH9VACHOrSXatAMTTzO_6qvN9OGtFYuo4gHFRLgb1Bc7fTqQU8mwDNMV1uZPM1Uh_A&req_ts=1734520324&pg=MainAppBootstrap%3AWatch&az=1&sigh=AB9vU41-0xcfqI1jEGeIJarnWIP72RnxSA
200,POST,-1,21.026999999776308,https://play.google.com/log?format=json&hasfast=true&authuser=0
302,GET,-1,27.223999999932857,https://googleads.g.doubleclick.net/pagead/id
200,GET,-1,26.326000000153726,https://googleads.g.doubleclick.net/pagead/id?slf_rd=1
200,POST,-1,26.16699999998673,https://www.youtube.com/youtubei/v1/log_event?alt=json
200,GET,-1,51.33700000033059,https://fonts.gstatic.com/s/i/youtube_outline/location_point/v6/24px.svg
200,GET,-1,48.07000000027983,https://fonts.gstatic.com/s/i/youtube_outline/overflow_horizontal/v4/24px.svg
200,GET,-1,46.97299999997995,https://fonts.gstatic.com/s/i/youtube_outline/bookmark/v6/24px.svg
200,GET,-1,51.70399999997244,https://fonts.gstatic.com/s/i/youtube_outline/share/v9/24px.svg
200,GET,-1,50.60800000001109,https://fonts.gstatic.com/s/i/youtube_outline/chevron_left/v8/24px.svg
200,GET,-1,49.834999999802676,https://fonts.gstatic.com/s/i/youtube_outline/chevron_right/v4/24px.svg
200,GET,-1,49.038000000109605,https://fonts.gstatic.com/s/i/youtube_outline/arrow_up/v2/24px.svg
200,GET,-1,47.365000000354485,https://fonts.gstatic.com/s/i/youtube_outline/overflow_vertical/v10/24px.svg
200,GET,-1,47.387000000071566,https://fonts.gstatic.com/s/i/youtube_fill/check_circle/v8/24px.svg
200,GET,-1,45.46399999981077,https://fonts.gstatic.com/s/i/youtube_outline/menu_sort/v4/24px.svg
200,GET,-1,44.29400000026362,https://fonts.gstatic.com/s/i/youtube_outline/download/v9/24px.svg
200,GET,-1,43.69200000019191,https://fonts.gstatic.com/s/i/youtube_outline/my_videos/v6/24px.svg
200,GET,-1,42.89100000005419,https://fonts.gstatic.com/s/i/youtube_outline/person_account/v6/24px.svg
200,GET,-1,42.10600000033082,https://fonts.gstatic.com/s/i/youtube_outline/bell/v8/24px.svg
200,GET,-1,44.68399999996109,https://fonts.gstatic.com/s/i/youtube_outline/chevron_down/v7/24px.svg
200,GET,-1,44.92900000013833,https://fonts.gstatic.com/s/i/youtube_outline/thumb_up/v17/24px.svg
200,GET,-1,35.33599999991566,https://fonts.gstatic.com/s/i/youtube_outline/thumb_down/v19/24px.svg
200,GET,-1,33.475999999609485,https://fonts.gstatic.com/s/i/youtube_outline/mic/v8/24px.svg
200,POST,-1,78.67299999998068,https://www.youtube.com/youtubei/v1/log_event?alt=json
200,POST,-1,198.64199999983612,https://www.youtube.com/youtubei/v1/next?prettyPrint=false
200,GET,-1,29.258999999910884,https://fonts.gstatic.com/s/i/youtube_outline/person_circle/v8/24px.svg
200,GET,-1,23.96100000032675,https://fonts.gstatic.com/s/i/youtube_outline/add_circle/v3/24px.svg
200,GET,-1,37.69300000021758,https://fonts.gstatic.com/s/i/youtube_fill/arrow_time/v8/24px.svg
200,GET,-1,37.52299999996467,https://fonts.gstatic.com/s/i/youtube_outline/arrow_time/v8/24px.svg
200,GET,-1,37.00200000002951,https://fonts.gstatic.com/s/i/youtube_fill/audio/v7/24px.svg
200,GET,-1,36.252999999760505,https://fonts.gstatic.com/s/i/youtube_outline/audio/v7/24px.svg
200,GET,-1,35.00000000030923,https://fonts.gstatic.com/s/i/youtube_fill/bag/v5/24px.svg
200,GET,-1,34.8759999997128,https://fonts.gstatic.com/s/i/youtube_outline/bag/v5/24px.svg
200,GET,-1,34.44099999978789,https://fonts.gstatic.com/s/i/youtube_fill/bars_3/v2/24px.svg
200,GET,-1,33.994000000348024,https://fonts.gstatic.com/s/i/youtube_fill/bell/v8/24px.svg
200,GET,-1,39.73099999984697,https://fonts.gstatic.com/s/i/youtube_fill/broadcast/v3/24px.svg
200,GET,-1,39.064000000053056,https://fonts.gstatic.com/s/i/youtube_outline/broadcast/v3/24px.svg
200,GET,-1,38.16599999981918,https://fonts.gstatic.com/s/i/youtube_fill/clapperboard/v1/24px.svg
200,GET,-1,37.38500000008571,https://fonts.gstatic.com/s/i/youtube_outline/clapperboard/v1/24px.svg
200,GET,-1,43.26200000014069,https://fonts.gstatic.com/s/i/youtube_fill/clock/v7/24px.svg
200,GET,-1,41.674999999941065,https://fonts.gstatic.com/s/i/youtube_outline/clock/v7/24px.svg
200,GET,-1,40.935999999874184,https://fonts.gstatic.com/s/i/youtube_outline/copy/v2/24px.svg
200,GET,-1,41.05100000015227,https://www.gstatic.com/youtube/img/icons/web/youtube_fill/creator_studio_red_logo_updated/v1/24px.svg
200,GET,-1,39.62600000022576,https://fonts.gstatic.com/s/i/youtube_fill/download/v9/24px.svg
200,GET,-1,38.968999999724474,https://fonts.gstatic.com/s/i/youtube_fill/fashion/v2/24px.svg
200,GET,-1,38.29900000027919,https://fonts.gstatic.com/s/i/youtube_outline/fashion/v2/24px.svg
200,GET,-1,37.27600000001985,https://fonts.gstatic.com/s/i/youtube_fill/fire/v9/24px.svg
200,GET,-1,42.695999999978085,https://fonts.gstatic.com/s/i/youtube_outline/fire/v9/24px.svg
200,GET,-1,41.467999999895255,https://fonts.gstatic.com/s/i/youtube_fill/flag/v6/24px.svg
200,GET,-1,40.094999999837455,https://fonts.gstatic.com/s/i/youtube_outline/flag/v6/24px.svg
200,GET,-1,45.53799999985131,https://fonts.gstatic.com/s/i/youtube_fill/gaming/v1/24px.svg
200,GET,-1,44.46199999983946,https://fonts.gstatic.com/s/i/youtube_outline/gaming/v1/24px.svg
200,GET,-1,43.07500000004438,https://fonts.gstatic.com/s/i/youtube_fill/gear/v6/24px.svg
200,GET,-1,42.71299999982148,https://fonts.gstatic.com/s/i/youtube_outline/gear/v6/24px.svg
200,GET,-1,41.91400000036083,https://fonts.gstatic.com/s/i/youtube_fill/home/v7/24px.svg
200,GET,-1,41.005999999924825,https://fonts.gstatic.com/s/i/youtube_outline/home/v7/24px.svg
200,GET,-1,44.43199999968783,https://fonts.gstatic.com/s/i/youtube_fill/library/v6/24px.svg
200,GET,-1,42.17099999959828,https://fonts.gstatic.com/s/i/youtube_outline/library/v6/24px.svg
200,GET,-1,41.53999999971347,https://fonts.gstatic.com/s/i/youtube_fill/lightbulb/v2/24px.svg
200,GET,-1,40.88499999988926,https://fonts.gstatic.com/s/i/youtube_outline/lightbulb/v2/24px.svg
200,GET,-1,43.801999999686814,https://fonts.gstatic.com/s/i/youtube_fill/list_play_arrow/v8/24px.svg
200,GET,-1,42.140999999901396,https://fonts.gstatic.com/s/i/youtube_outline/list_play_arrow/v8/24px.svg
200,GET,-1,42.15500000009342,https://fonts.gstatic.com/s/i/youtube_fill/message_bubble_alert/v6/24px.svg
200,GET,-1,41.89399999995658,https://fonts.gstatic.com/s/i/youtube_outline/message_bubble_alert/v6/24px.svg
200,GET,-1,41.49099999995087,https://fonts.gstatic.com/s/i/youtube_fill/mic/v8/24px.svg
200,GET,-1,47.23100000001068,https://fonts.gstatic.com/s/i/youtube_fill/news/v2/24px.svg
200,GET,-1,46.72500000015134,https://fonts.gstatic.com/s/i/youtube_outline/news/v2/24px.svg
200,GET,-1,43.02999999981694,https://www.gstatic.com/youtube/img/icons/web/youtube_fill/offline_no_content/v1/192px.svg
200,GET,-1,52.73299999998926,https://fonts.gstatic.com/s/i/youtube_outline/question_circle/v5/24px.svg
200,GET,-1,51.59400000002279,https://fonts.gstatic.com/s/i/youtube_fill/radar_live/v7/24px.svg
200,GET,-1,50.55199999969773,https://fonts.gstatic.com/s/i/youtube_outline/radar_live/v7/24px.svg
200,GET,-1,48.862000000099215,https://fonts.gstatic.com/s/i/youtube_fill/search/v9/24px.svg
200,GET,-1,48.15999999982523,https://fonts.gstatic.com/s/i/youtube_fill/subscriptions/v8/24px.svg
200,GET,-1,47.38899999983914,https://fonts.gstatic.com/s/i/youtube_outline/subscriptions/v8/24px.svg
200,GET,-1,46.877000000222324,https://fonts.gstatic.com/s/i/youtube_fill/thumb_up/v17/24px.svg
200,GET,-1,46.12399999996342,https://fonts.gstatic.com/s/i/youtube_outline/trash_can/v5/24px.svg
200,GET,-1,45.22799999995186,https://fonts.gstatic.com/s/i/youtube_fill/trophy/v1/24px.svg
200,GET,-1,44.46899999993548,https://fonts.gstatic.com/s/i/youtube_outline/trophy/v1/24px.svg
200,GET,-1,47.947000000021944,https://www.gstatic.com/youtube/img/icons/web/youtube_fill/unplugged_logo_updated/v1/24px.svg
200,GET,-1,48.69400000006863,https://fonts.gstatic.com/s/i/youtube_outline/video_camera_add/v1/24px.svg
200,GET,-1,46.631999999590334,https://www.gstatic.com/youtube/img/icons/web/youtube_fill/youtube_kids_round_updated/v1/24px.svg
200,GET,-1,46.55499999989843,https://www.gstatic.com/youtube/img/icons/web/youtube_fill/youtube_music_updated/v1/24px.svg
200,GET,-1,45.344999999997526,https://www.gstatic.com/youtube/img/icons/web/youtube_fill/youtube_round_updated/v1/24px.svg
200,GET,-1,45.125000000098225,https://fonts.gstatic.com/s/i/youtube_fill/youtube_shorts/v9/24px.svg
200,GET,-1,44.48500000034983,https://fonts.gstatic.com/s/i/youtube_outline/youtube_shorts/v9/24px.svg
200,GET,-1,79.46399999991627,https://fonts.gstatic.com/s/i/youtube_fill/arrow_down/v2/24px.svg
200,GET,-1,78.68099999996048,https://fonts.gstatic.com/s/i/youtube_outline/arrow_down/v2/24px.svg
200,GET,-1,78.02899999978763,https://fonts.gstatic.com/s/i/youtube_fill/arrow_up/v2/24px.svg
200,GET,-1,74.08799999984694,https://www.gstatic.com/youtube/img/icons/web/youtube_fill/play-arrow/v1/24px.svg
200,GET,-1,75.30799999994997,https://fonts.gstatic.com/s/i/youtube_outline/play_arrow/v7/24px.svg
200,GET,-1,72.19900000018242,https://www.gstatic.com/youtube/img/icons/web/youtube_fill/shorts-comment/v2/32px.svg
200,GET,-1,71.34499999983746,https://www.gstatic.com/youtube/img/icons/web/youtube_fill/shorts-dislike/v2/32px.svg
200,GET,-1,70.63300000027084,https://www.gstatic.com/youtube/img/icons/web/youtube_fill/shorts-like/v2/32px.svg
200,GET,-1,69.82299999981478,https://www.gstatic.com/youtube/img/icons/web/youtube_fill/shorts-share/v2/32px.svg
200,GET,-1,69.15100000014718,https://www.gstatic.com/youtube/img/icons/web/youtube_fill/volume-off/v1/24px.svg
200,GET,-1,69.74999999965803,https://fonts.gstatic.com/s/i/youtube_outline/volume_off/v4/24px.svg
200,GET,-1,67.6300000000083,https://www.gstatic.com/youtube/img/icons/web/youtube_fill/volume-up/v1/24px.svg
200,GET,-1,68.13199999987773,https://fonts.gstatic.com/s/i/youtube_outline/volume_on/v3/24px.svg
200,GET,-1,66.0370000000512,https://www.gstatic.com/youtube/img/icons/web/youtube_outline/waveform/v1/24px.svg
200,GET,-1,48.90499999964959,https://www.gstatic.com/youtube/img/emojis/emojis-png-7.json
200,GET,-1,18.18100000036793,https://yt3.ggpht.com/a/default-user=s48-c-k-c0x00ffffff-no-rj
200,GET,-1,24.640000000090367,https://yt3.ggpht.com/ytc/AIdro_n-eapLJc3iNs1SOwobvKTgRIWbh-QVUdAr3OeP67s=s88-c-k-c0x00ffffff-no-rj
200,GET,-1,19.34099999971295,https://yt3.ggpht.com/ytc/AIdro_miU3VoaMOiBjs-srD7aLNAkzvnfi49dB6yvFooE7k=s88-c-k-c0x00ffffff-no-rj
200,GET,-1,20.02700000002733,https://yt3.ggpht.com/nydwjeuSorVKbex--XwcPGMnSswE50rWvWMOkJ0bXhQWsFxqx0L17Rz7bBMpY4KGs7SJA2bm5XY=s88-c-k-c0x00ffffff-no-rj
200,GET,-1,26.566000000002532,https://fonts.gstatic.com/s/roboto/v32/KFOmCnqEu92Fr1Mu5mxKOzY.woff2
200,GET,-1,19.24200000030396,https://yt3.ggpht.com/ytc/AIdro_nyJYPUZHdGCo6RHTqGDPCya5cG1vifPsv8OooZ324=s88-c-k-c0x00ffffff-no-rj
200,GET,-1,24.908999999752268,https://yt3.ggpht.com/wV-0AgYISkNbg4xtXQNX7YxjAHRx--aKYjjeaU0mvj-nD6QXUNYhBqEZ86Eh_8hnw0PckS3F0wg=s88-c-k-c0x00ffffff-no-rj
200,GET,0,2.1780000001854205,https://yt3.ggpht.com/nydwjeuSorVKbex--XwcPGMnSswE50rWvWMOkJ0bXhQWsFxqx0L17Rz7bBMpY4KGs7SJA2bm5XY=s88-c-k-c0x00ffffff-no-rj
200,GET,-1,34.2239999999947,https://www.youtube.com/sw.js_data
200,POST,-1,127.99900000027264,https://www.youtube.com/youtubei/v1/notification_registration/set_registration?prettyPrint=false
0,POST,-1,5422.019999999975,https://rr1---sn-axq7sn7z.googlevideo.com/videoplayback?expire=1734541924&ei=BK5iZ6_GGOKE0u8PreyE-Ak&ip=37.18.17.49&id=o-ABscxTYOPuAK7faYa1WAeSnxBzwjyRRL-0TEtAia04uA&source=youtube&requiressl=yes&xpc=EgVo2aDSNQ%3D%3D&met=1734520324%2C&mh=Ij&mm=31%2C29&mn=sn-o5035oxu-n8vl%2Csn-axq7sn7z&ms=au%2Crdu&mv=u&mvi=1&pl=25&rms=au%2Cau&spc=x-caUO7fAKOuokYZDp8EbWutv36VOM6lTSYF5JNJVEMePCgXLc3gdN4nIZUaujE&svpuc=1&ns=x2mYX0z1V090gU5efcUK9EcQ&sabr=1&rqh=1&mt=1734518812&fvip=1&keepalive=yes&fexp=51326932%2C51335594%2C51355912%2C51371294&c=WEB&n=kEJuHrccsq4tjw&sparams=expire%2Cei%2Cip%2Cid%2Csource%2Crequiressl%2Cxpc%2Cspc%2Csvpuc%2Cns%2Csabr%2Crqh&sig=AJfQdSswRQIhALskBcQ3vw-xD_myXH-uLWE1tMy2ujLlX1D3F6CJazrHAiAXhSrUDnz0I2GWFYm2-2skBKuJifP3EhidV1zLpp_FkA%3D%3D&lsparams=met%2Cmh%2Cmm%2Cmn%2Cms%2Cmv%2Cmvi%2Cpl%2Crms&lsig=AGluJ3MwRQIgJY58pLo-WtVLObVpQc9hEkgTWJCp-qmOg56KQE4fyTgCIQCJDu2WnhZAuzm5fNOUVkxIeCcm70jC-mUVdmOAn-iWBQ%3D%3D&cpn=kc5spv7jZ4WfROgo&cver=2.20241216.05.00&fallback_count=1&rn=2&alr=yes
200,GET,-1,26.049000000057276,https://fonts.gstatic.com/s/roboto/v32/KFOlCnqEu92Fr1MmEU9fABc4EsA.woff2
200,GET,-1,31.28000000015163,https://fonts.gstatic.com/s/i/youtube_fill/dollar_sign_heart/v20/12px.svg
200,GET,-1,28.19099999987884,https://fonts.gstatic.com/s/i/youtube_outline/chevron_up/v7/24px.svg
200,GET,-1,30.050999999730266,https://fonts.gstatic.com/s/i/youtube_outline/heart/v15/24px.svg
200,GET,-1,30.287999999927706,https://fonts.gstatic.com/s/i/youtube_fill/heart/v15/24px.svg
200,GET,-1,23.08099999982005,https://fonts.googleapis.com/css?family=Roboto_old:300italic,400italic,500italic,700italic
200,GET,-1,23.260999999820342,https://fonts.googleapis.com/css?family=Roboto+Mono:400
301,GET,-1,133.40599999998756,https://youtube.com/
0,GET,-1,0.315000000227883,https://www.youtube.com/
204,POST,-1,23.303999999825464,https://www.youtube.com/api/stats/qoe?cpn=kc5spv7jZ4WfROgo&el=detailpage&ns=yt&fexp=v1%2C23986032%2C18612%2C434717%2C127326%2C133212%2C14625955%2C11684381%2C7111%2C36343%2C9954%2C9105%2C18310%2C4420%2C2821%2C46919%2C797%2C11396%2C19100%2C2471%2C6008%2C19339%2C18053%2C591%2C7505%2C5541%2C1823%2C3186%2C2912%2C4794%2C6942%2C408%2C20473%2C8%2C6227%2C2260%2C2144%2C9243%2C1581%2C1690%2C14%2C452%2C65%2C3426%2C2%2C120%2C366%2C576%2C1108%2C4903%2C763%2C2262%2C391%2C8511%2C3539%2C74%2C359%2C291%2C681%2C2%2C21%2C893%2C4367%2C982%2C2050%2C705%2C318%2C235%2C163%2C3313%2C1952%2C754%2C1248%2C4%2C675%2C334%2C1946%2C633%2C5185%2C2024%2C262%2C233%2C433%2C5382%2C916%2C31%2C3345%2C404%2C6275&cl=706555921&seq=1&docid=AnvlmQl_31k&ei=BK5iZ6_GGOKE0u8PreyE-Ak&event=streamingstats&plid=AAYpiXvK3Azg6e_w&cbr=Chrome&cbrver=109.0.0.0&c=WEB&cver=2.20241216.05.00&cplayer=UNIPLAYER&cos=Windows&cosver=10.0&cplatform=DESKTOP&vps=0.000:N,0.035:B,10.001:B&cat=streaming,sabr&cmt=0.035:0.000,5.525:0.000,10.001:0.000&ctmp=itr:t.1876;&bwe=5.525:327680,10.001:327680&bat=5.525:1:1,10.001:1:1&vis=5.525:0&bh=5.525:0.000,10.001:0.000&qclc=ChBrYzVzcHY3alo0V2ZST2dvEAE
0,POST,-1,5409.513000000061,https://rr1---sn-o5035oxu-n8vl.googlevideo.com/videoplayback?expire=1734541924&ei=BK5iZ6_GGOKE0u8PreyE-Ak&ip=37.18.17.49&id=o-ABscxTYOPuAK7faYa1WAeSnxBzwjyRRL-0TEtAia04uA&source=youtube&requiressl=yes&xpc=EgVo2aDSNQ%3D%3D&met=1734520324%2C&mh=Ij&mm=31%2C29&mn=sn-o5035oxu-n8vl%2Csn-axq7sn7z&ms=au%2Crdu&mv=u&mvi=1&pl=25&rms=au%2Cau&spc=x-caUO7fAKOuokYZDp8EbWutv36VOM6lTSYF5JNJVEMePCgXLc3gdN4nIZUaujE&svpuc=1&ns=x2mYX0z1V090gU5efcUK9EcQ&sabr=1&rqh=1&mt=1734518812&fvip=1&keepalive=yes&fexp=51326932%2C51335594%2C51355912%2C51371294&c=WEB&n=kEJuHrccsq4tjw&sparams=expire%2Cei%2Cip%2Cid%2Csource%2Crequiressl%2Cxpc%2Cspc%2Csvpuc%2Cns%2Csabr%2Crqh&sig=AJfQdSswRQIhALskBcQ3vw-xD_myXH-uLWE1tMy2ujLlX1D3F6CJazrHAiAXhSrUDnz0I2GWFYm2-2skBKuJifP3EhidV1zLpp_FkA%3D%3D&lsparams=met%2Cmh%2Cmm%2Cmn%2Cms%2Cmv%2Cmvi%2Cpl%2Crms&lsig=AGluJ3MwRQIgJY58pLo-WtVLObVpQc9hEkgTWJCp-qmOg56KQE4fyTgCIQCJDu2WnhZAuzm5fNOUVkxIeCcm70jC-mUVdmOAn-iWBQ%3D%3D&cpn=kc5spv7jZ4WfROgo&cver=2.20241216.05.00&rn=3&alr=yes
0,POST,-1,5409.703000000263,https://rr1---sn-axq7sn7z.googlevideo.com/videoplayback?expire=1734541924&ei=BK5iZ6_GGOKE0u8PreyE-Ak&ip=37.18.17.49&id=o-ABscxTYOPuAK7faYa1WAeSnxBzwjyRRL-0TEtAia04uA&source=youtube&requiressl=yes&xpc=EgVo2aDSNQ%3D%3D&met=1734520324%2C&mh=Ij&mm=31%2C29&mn=sn-o5035oxu-n8vl%2Csn-axq7sn7z&ms=au%2Crdu&mv=u&mvi=1&pl=25&rms=au%2Cau&spc=x-caUO7fAKOuokYZDp8EbWutv36VOM6lTSYF5JNJVEMePCgXLc3gdN4nIZUaujE&svpuc=1&ns=x2mYX0z1V090gU5efcUK9EcQ&sabr=1&rqh=1&mt=1734518812&fvip=1&keepalive=yes&fexp=51326932%2C51335594%2C51355912%2C51371294&c=WEB&n=kEJuHrccsq4tjw&sparams=expire%2Cei%2Cip%2Cid%2Csource%2Crequiressl%2Cxpc%2Cspc%2Csvpuc%2Cns%2Csabr%2Crqh&sig=AJfQdSswRQIhALskBcQ3vw-xD_myXH-uLWE1tMy2ujLlX1D3F6CJazrHAiAXhSrUDnz0I2GWFYm2-2skBKuJifP3EhidV1zLpp_FkA%3D%3D&lsparams=met%2Cmh%2Cmm%2Cmn%2Cms%2Cmv%2Cmvi%2Cpl%2Crms&lsig=AGluJ3MwRQIgJY58pLo-WtVLObVpQc9hEkgTWJCp-qmOg56KQE4fyTgCIQCJDu2WnhZAuzm5fNOUVkxIeCcm70jC-mUVdmOAn-iWBQ%3D%3D&cpn=kc5spv7jZ4WfROgo&cver=2.20241216.05.00&fallback_count=1&rn=4&alr=yes
200,GET,-1,100.7990000002792,https://i.ytimg.com/an_webp/23QUQMOOhsY/mqdefault_6s.webp?du=3000&sqp=CNzMirsG&rs=AOn4CLBjmC09v6J9gydSnF4hWPg4FxqyNQ
200,GET,-1,25.15399999992951,https://fonts.gstatic.com/s/i/youtube_outline/list_queue/v1/24px.svg
200,GET,-1,24.41399999997884,https://fonts.gstatic.com/s/i/youtube_fill/play_arrow/v7/24px.svg
200,GET,-1,100.16999999970722,https://i.ytimg.com/an_webp/urTN_2PDw3Q/mqdefault_6s.webp?du=3000&sqp=CNTAirsG&rs=AOn4CLC90CvSjXleRdfQPVmcMCxySZO3Yw
204,POST,-1,25.029999999787833,https://www.youtube.com/api/stats/qoe?cpn=kc5spv7jZ4WfROgo&el=detailpage&ns=yt&fexp=v1%2C23986032%2C18612%2C434717%2C127326%2C133212%2C14625955%2C11684381%2C7111%2C36343%2C9954%2C9105%2C18310%2C4420%2C2821%2C46919%2C797%2C11396%2C19100%2C2471%2C6008%2C19339%2C18053%2C591%2C7505%2C5541%2C1823%2C3186%2C2912%2C4794%2C6942%2C408%2C20473%2C8%2C6227%2C2260%2C2144%2C9243%2C1581%2C1690%2C14%2C452%2C65%2C3426%2C2%2C120%2C366%2C576%2C1108%2C4903%2C763%2C2262%2C391%2C8511%2C3539%2C74%2C359%2C291%2C681%2C2%2C21%2C893%2C4367%2C982%2C2050%2C705%2C318%2C235%2C163%2C3313%2C1952%2C754%2C1248%2C4%2C675%2C334%2C1946%2C633%2C5185%2C2024%2C262%2C233%2C433%2C5382%2C916%2C31%2C3345%2C404%2C6275&cl=706555921&seq=2&docid=AnvlmQl_31k&ei=BK5iZ6_GGOKE0u8PreyE-Ak&event=streamingstats&plid=AAYpiXvK3Azg6e_w&cbr=Chrome&cbrver=109.0.0.0&c=WEB&cver=2.20241216.05.00&cplayer=UNIPLAYER&cos=Windows&cosver=10.0&cplatform=DESKTOP&bwe=10.945:327680,15.036:327680,16.353:327680,20.001:327680&bat=10.945:1:1,15.036:1:1,16.353:1:1,20.001:1:1&cmt=10.945:0.000,15.036:0.000,16.353:0.000,20.001:0.000&bh=10.945:0.000,15.036:0.000,16.353:0.000,20.001:0.000&vps=20.001:B&qclc=ChBrYzVzcHY3alo0V2ZST2dvEAI
200,GET,-1,50.81700000027922,https://i.ytimg.com/an_webp/urTN_2PDw3Q/mqdefault_6s.webp?du=3000&sqp=CNTAirsG&rs=AOn4CLC90CvSjXleRdfQPVmcMCxySZO3Yw
0,POST,-1,5470.068999999967,https://rr1---sn-o5035oxu-n8vl.googlevideo.com/videoplayback?expire=1734541924&ei=BK5iZ6_GGOKE0u8PreyE-Ak&ip=37.18.17.49&id=o-ABscxTYOPuAK7faYa1WAeSnxBzwjyRRL-0TEtAia04uA&source=youtube&requiressl=yes&xpc=EgVo2aDSNQ%3D%3D&met=1734520324%2C&mh=Ij&mm=31%2C29&mn=sn-o5035oxu-n8vl%2Csn-axq7sn7z&ms=au%2Crdu&mv=u&mvi=1&pl=25&rms=au%2Cau&spc=x-caUO7fAKOuokYZDp8EbWutv36VOM6lTSYF5JNJVEMePCgXLc3gdN4nIZUaujE&svpuc=1&ns=x2mYX0z1V090gU5efcUK9EcQ&sabr=1&rqh=1&mt=1734518812&fvip=1&keepalive=yes&fexp=51326932%2C51335594%2C51355912%2C51371294&c=WEB&n=kEJuHrccsq4tjw&sparams=expire%2Cei%2Cip%2Cid%2Csource%2Crequiressl%2Cxpc%2Cspc%2Csvpuc%2Cns%2Csabr%2Crqh&sig=AJfQdSswRQIhALskBcQ3vw-xD_myXH-uLWE1tMy2ujLlX1D3F6CJazrHAiAXhSrUDnz0I2GWFYm2-2skBKuJifP3EhidV1zLpp_FkA%3D%3D&lsparams=met%2Cmh%2Cmm%2Cmn%2Cms%2Cmv%2Cmvi%2Cpl%2Crms&lsig=AGluJ3MwRQIgJY58pLo-WtVLObVpQc9hEkgTWJCp-qmOg56KQE4fyTgCIQCJDu2WnhZAuzm5fNOUVkxIeCcm70jC-mUVdmOAn-iWBQ%3D%3D&cpn=kc5spv7jZ4WfROgo&cver=2.20241216.05.00&rn=5&alr=yes
0,POST,-1,5414.620999999897,https://rr1---sn-axq7sn7z.googlevideo.com/videoplayback?expire=1734541924&ei=BK5iZ6_GGOKE0u8PreyE-Ak&ip=37.18.17.49&id=o-ABscxTYOPuAK7faYa1WAeSnxBzwjyRRL-0TEtAia04uA&source=youtube&requiressl=yes&xpc=EgVo2aDSNQ%3D%3D&met=1734520324%2C&mh=Ij&mm=31%2C29&mn=sn-o5035oxu-n8vl%2Csn-axq7sn7z&ms=au%2Crdu&mv=u&mvi=1&pl=25&rms=au%2Cau&spc=x-caUO7fAKOuokYZDp8EbWutv36VOM6lTSYF5JNJVEMePCgXLc3gdN4nIZUaujE&svpuc=1&ns=x2mYX0z1V090gU5efcUK9EcQ&sabr=1&rqh=1&mt=1734518812&fvip=1&keepalive=yes&fexp=51326932%2C51335594%2C51355912%2C51371294&c=WEB&n=kEJuHrccsq4tjw&sparams=expire%2Cei%2Cip%2Cid%2Csource%2Crequiressl%2Cxpc%2Cspc%2Csvpuc%2Cns%2Csabr%2Crqh&sig=AJfQdSswRQIhALskBcQ3vw-xD_myXH-uLWE1tMy2ujLlX1D3F6CJazrHAiAXhSrUDnz0I2GWFYm2-2skBKuJifP3EhidV1zLpp_FkA%3D%3D&lsparams=met%2Cmh%2Cmm%2Cmn%2Cms%2Cmv%2Cmvi%2Cpl%2Crms&lsig=AGluJ3MwRQIgJY58pLo-WtVLObVpQc9hEkgTWJCp-qmOg56KQE4fyTgCIQCJDu2WnhZAuzm5fNOUVkxIeCcm70jC-mUVdmOAn-iWBQ%3D%3D&cpn=kc5spv7jZ4WfROgo&cver=2.20241216.05.00&fallback_count=1&rn=6&alr=yes
204,POST,-1,22.33699999987948,https://www.youtube.com/api/stats/qoe?cpn=kc5spv7jZ4WfROgo&el=detailpage&ns=yt&fexp=v1%2C23986032%2C18612%2C434717%2C127326%2C133212%2C14625955%2C11684381%2C7111%2C36343%2C9954%2C9105%2C18310%2C4420%2C2821%2C46919%2C797%2C11396%2C19100%2C2471%2C6008%2C19339%2C18053%2C591%2C7505%2C5541%2C1823%2C3186%2C2912%2C4794%2C6942%2C408%2C20473%2C8%2C6227%2C2260%2C2144%2C9243%2C1581%2C1690%2C14%2C452%2C65%2C3426%2C2%2C120%2C366%2C576%2C1108%2C4903%2C763%2C2262%2C391%2C8511%2C3539%2C74%2C359%2C291%2C681%2C2%2C21%2C893%2C4367%2C982%2C2050%2C705%2C318%2C235%2C163%2C3313%2C1952%2C754%2C1248%2C4%2C675%2C334%2C1946%2C633%2C5185%2C2024%2C262%2C233%2C433%2C5382%2C916%2C31%2C3345%2C404%2C6275&cl=706555921&seq=3&docid=AnvlmQl_31k&ei=BK5iZ6_GGOKE0u8PreyE-Ak&event=streamingstats&plid=AAYpiXvK3Azg6e_w&cbr=Chrome&cbrver=109.0.0.0&c=WEB&cver=2.20241216.05.00&cplayer=UNIPLAYER&cos=Windows&cosver=10.0&cplatform=DESKTOP&bwe=21.761:327680,22.394:327680,27.228:327680,30.007:327680&bat=21.761:1:1,22.394:1:1,27.228:1:1,30.007:1:1&cmt=21.761:0.000,22.394:0.000,27.228:0.000,30.007:0.000&bh=21.761:0.000,22.394:0.000,27.228:0.000,30.007:0.000&vps=30.007:B&qclc=ChBrYzVzcHY3alo0V2ZST2dvEAM
200,POST,-1,27.630000000044674,https://play.google.com/log?format=json&hasfast=true&authuser=0
0,POST,-1,8319.072000000233,https://rr1---sn-o5035oxu-n8vl.googlevideo.com/videoplayback?expire=1734541924&ei=BK5iZ6_GGOKE0u8PreyE-Ak&ip=37.18.17.49&id=o-ABscxTYOPuAK7faYa1WAeSnxBzwjyRRL-0TEtAia04uA&source=youtube&requiressl=yes&xpc=EgVo2aDSNQ%3D%3D&met=1734520324%2C&mh=Ij&mm=31%2C29&mn=sn-o5035oxu-n8vl%2Csn-axq7sn7z&ms=au%2Crdu&mv=u&mvi=1&pl=25&rms=au%2Cau&spc=x-caUO7fAKOuokYZDp8EbWutv36VOM6lTSYF5JNJVEMePCgXLc3gdN4nIZUaujE&svpuc=1&ns=x2mYX0z1V090gU5efcUK9EcQ&sabr=1&rqh=1&mt=1734518812&fvip=1&keepalive=yes&fexp=51326932%2C51335594%2C51355912%2C51371294&c=WEB&n=kEJuHrccsq4tjw&sparams=expire%2Cei%2Cip%2Cid%2Csource%2Crequiressl%2Cxpc%2Cspc%2Csvpuc%2Cns%2Csabr%2Crqh&sig=AJfQdSswRQIhALskBcQ3vw-xD_myXH-uLWE1tMy2ujLlX1D3F6CJazrHAiAXhSrUDnz0I2GWFYm2-2skBKuJifP3EhidV1zLpp_FkA%3D%3D&lsparams=met%2Cmh%2Cmm%2Cmn%2Cms%2Cmv%2Cmvi%2Cpl%2Crms&lsig=AGluJ3MwRQIgJY58pLo-WtVLObVpQc9hEkgTWJCp-qmOg56KQE4fyTgCIQCJDu2WnhZAuzm5fNOUVkxIeCcm70jC-mUVdmOAn-iWBQ%3D%3D&cpn=kc5spv7jZ4WfROgo&cver=2.20241216.05.00&rn=7&alr=yes
204,POST,-1,21.2069999997766,https://www.youtube.com/api/stats/qoe?cpn=kc5spv7jZ4WfROgo&el=detailpage&ns=yt&fexp=v1%2C23986032%2C18612%2C434717%2C127326%2C133212%2C14625955%2C11684381%2C7111%2C36343%2C9954%2C9105%2C18310%2C4420%2C2821%2C46919%2C797%2C11396%2C19100%2C2471%2C6008%2C19339%2C18053%2C591%2C7505%2C5541%2C1823%2C3186%2C2912%2C4794%2C6942%2C408%2C20473%2C8%2C6227%2C2260%2C2144%2C9243%2C1581%2C1690%2C14%2C452%2C65%2C3426%2C2%2C120%2C366%2C576%2C1108%2C4903%2C763%2C2262%2C391%2C8511%2C3539%2C74%2C359%2C291%2C681%2C2%2C21%2C893%2C4367%2C982%2C2050%2C705%2C318%2C235%2C163%2C3313%2C1952%2C754%2C1248%2C4%2C675%2C334%2C1946%2C633%2C5185%2C2024%2C262%2C233%2C433%2C5382%2C916%2C31%2C3345%2C404%2C6275&cl=706555921&seq=4&docid=AnvlmQl_31k&ei=BK5iZ6_GGOKE0u8PreyE-Ak&event=streamingstats&plid=AAYpiXvK3Azg6e_w&cbr=Chrome&cbrver=109.0.0.0&c=WEB&cver=2.20241216.05.00&cplayer=UNIPLAYER&cos=Windows&cosver=10.0&cplatform=DESKTOP&bwe=32.641:327680,40.001:327680&bat=32.641:1:1,40.001:1:1&cmt=32.641:0.000,40.001:0.000&bh=32.641:0.000,40.001:0.000&vps=40.001:B&qclc=ChBrYzVzcHY3alo0V2ZST2dvEAQ
0,POST,-1,5421.874000000116,https://rr1---sn-axq7sn7z.googlevideo.com/videoplayback?expire=1734541924&ei=BK5iZ6_GGOKE0u8PreyE-Ak&ip=37.18.17.49&id=o-ABscxTYOPuAK7faYa1WAeSnxBzwjyRRL-0TEtAia04uA&source=youtube&requiressl=yes&xpc=EgVo2aDSNQ%3D%3D&met=1734520324%2C&mh=Ij&mm=31%2C29&mn=sn-o5035oxu-n8vl%2Csn-axq7sn7z&ms=au%2Crdu&mv=u&mvi=1&pl=25&rms=au%2Cau&spc=x-caUO7fAKOuokYZDp8EbWutv36VOM6lTSYF5JNJVEMePCgXLc3gdN4nIZUaujE&svpuc=1&ns=x2mYX0z1V090gU5efcUK9EcQ&sabr=1&rqh=1&mt=1734518812&fvip=1&keepalive=yes&fexp=51326932%2C51335594%2C51355912%2C51371294&c=WEB&n=kEJuHrccsq4tjw&sparams=expire%2Cei%2Cip%2Cid%2Csource%2Crequiressl%2Cxpc%2Cspc%2Csvpuc%2Cns%2Csabr%2Crqh&sig=AJfQdSswRQIhALskBcQ3vw-xD_myXH-uLWE1tMy2ujLlX1D3F6CJazrHAiAXhSrUDnz0I2GWFYm2-2skBKuJifP3EhidV1zLpp_FkA%3D%3D&lsparams=met%2Cmh%2Cmm%2Cmn%2Cms%2Cmv%2Cmvi%2Cpl%2Crms&lsig=AGluJ3MwRQIgJY58pLo-WtVLObVpQc9hEkgTWJCp-qmOg56KQE4fyTgCIQCJDu2WnhZAuzm5fNOUVkxIeCcm70jC-mUVdmOAn-iWBQ%3D%3D&cpn=kc5spv7jZ4WfROgo&cver=2.20241216.05.00&fallback_count=1&rn=8&alr=yes
200,POST,-1,23.25199999995675,https://play.google.com/log?format=json&hasfast=true&authuser=0
204,POST,-1,21.612000000004628,https://www.youtube.com/api/stats/qoe?cpn=kc5spv7jZ4WfROgo&el=detailpage&ns=yt&fexp=v1%2C23986032%2C18612%2C434717%2C127326%2C133212%2C14625955%2C11684381%2C7111%2C36343%2C9954%2C9105%2C18310%2C4420%2C2821%2C46919%2C797%2C11396%2C19100%2C2471%2C6008%2C19339%2C18053%2C591%2C7505%2C5541%2C1823%2C3186%2C2912%2C4794%2C6942%2C408%2C20473%2C8%2C6227%2C2260%2C2144%2C9243%2C1581%2C1690%2C14%2C452%2C65%2C3426%2C2%2C120%2C366%2C576%2C1108%2C4903%2C763%2C2262%2C391%2C8511%2C3539%2C74%2C359%2C291%2C681%2C2%2C21%2C893%2C4367%2C982%2C2050%2C705%2C318%2C235%2C163%2C3313%2C1952%2C754%2C1248%2C4%2C675%2C334%2C1946%2C633%2C5185%2C2024%2C262%2C233%2C433%2C5382%2C916%2C31%2C3345%2C404%2C6275&cl=706555921&seq=5&docid=AnvlmQl_31k&ei=BK5iZ6_GGOKE0u8PreyE-Ak&event=streamingstats&plid=AAYpiXvK3Azg6e_w&cbr=Chrome&cbrver=109.0.0.0&c=WEB&cver=2.20241216.05.00&cplayer=UNIPLAYER&cos=Windows&cosver=10.0&cplatform=DESKTOP&bwe=40.962:327680,46.384:327680,50.006:327680&bat=40.962:1:1,46.384:1:1,50.006:1:1&cmt=40.962:0.000,46.384:0.000,50.006:0.000&bh=40.962:0.000,46.384:0.000,50.006:0.000&vps=50.006:B&qclc=ChBrYzVzcHY3alo0V2ZST2dvEAU
0,POST,-1,230.2060000001802,https://rr1---sn-o5035oxu-n8vl.googlevideo.com/videoplayback?expire=1734541924&ei=BK5iZ6_GGOKE0u8PreyE-Ak&ip=37.18.17.49&id=o-ABscxTYOPuAK7faYa1WAeSnxBzwjyRRL-0TEtAia04uA&source=youtube&requiressl=yes&xpc=EgVo2aDSNQ%3D%3D&met=1734520324%2C&mh=Ij&mm=31%2C29&mn=sn-o5035oxu-n8vl%2Csn-axq7sn7z&ms=au%2Crdu&mv=u&mvi=1&pl=25&rms=au%2Cau&spc=x-caUO7fAKOuokYZDp8EbWutv36VOM6lTSYF5JNJVEMePCgXLc3gdN4nIZUaujE&svpuc=1&ns=x2mYX0z1V090gU5efcUK9EcQ&sabr=1&rqh=1&mt=1734518812&fvip=1&keepalive=yes&fexp=51326932%2C51335594%2C51355912%2C51371294&c=WEB&n=kEJuHrccsq4tjw&sparams=expire%2Cei%2Cip%2Cid%2Csource%2Crequiressl%2Cxpc%2Cspc%2Csvpuc%2Cns%2Csabr%2Crqh&sig=AJfQdSswRQIhALskBcQ3vw-xD_myXH-uLWE1tMy2ujLlX1D3F6CJazrHAiAXhSrUDnz0I2GWFYm2-2skBKuJifP3EhidV1zLpp_FkA%3D%3D&lsparams=met%2Cmh%2Cmm%2Cmn%2Cms%2Cmv%2Cmvi%2Cpl%2Crms&lsig=AGluJ3MwRQIgJY58pLo-WtVLObVpQc9hEkgTWJCp-qmOg56KQE4fyTgCIQCJDu2WnhZAuzm5fNOUVkxIeCcm70jC-mUVdmOAn-iWBQ%3D%3D&cpn=kc5spv7jZ4WfROgo&cver=2.20241216.05.00&rn=9&alr=yes
204,POST,-1,21.915000000262808,https://www.youtube.com/api/stats/qoe?cpn=kc5spv7jZ4WfROgo&el=detailpage&ns=yt&fexp=v1%2C23986032%2C18612%2C434717%2C127326%2C133212%2C14625955%2C11684381%2C7111%2C36343%2C9954%2C9105%2C18310%2C4420%2C2821%2C46919%2C797%2C11396%2C19100%2C2471%2C6008%2C19339%2C18053%2C591%2C7505%2C5541%2C1823%2C3186%2C2912%2C4794%2C6942%2C408%2C20473%2C8%2C6227%2C2260%2C2144%2C9243%2C1581%2C1690%2C14%2C452%2C65%2C3426%2C2%2C120%2C366%2C576%2C1108%2C4903%2C763%2C2262%2C391%2C8511%2C3539%2C74%2C359%2C291%2C681%2C2%2C21%2C893%2C4367%2C982%2C2050%2C705%2C318%2C235%2C163%2C3313%2C1952%2C754%2C1248%2C4%2C675%2C334%2C1946%2C633%2C5185%2C2024%2C262%2C233%2C433%2C5382%2C916%2C31%2C3345%2C404%2C6275&cl=706555921&seq=6&docid=AnvlmQl_31k&ei=BK5iZ6_GGOKE0u8PreyE-Ak&event=streamingstats&plid=AAYpiXvK3Azg6e_w&cbr=Chrome&cbrver=109.0.0.0&c=WEB&cver=2.20241216.05.00&cplayer=UNIPLAYER&cos=Windows&cosver=10.0&cplatform=DESKTOP&bwe=51.775:327680,60.001:327680&bat=51.775:1:1,60.001:1:1&cmt=51.775:0.000,60.001:0.000&bh=51.775:0.000,60.001:0.000&vps=60.001:B&qclc=ChBrYzVzcHY3alo0V2ZST2dvEAY
0,POST,-1,904.779999999846,https://rr1---sn-axq7sn7z.googlevideo.com/videoplayback?expire=1734541924&ei=BK5iZ6_GGOKE0u8PreyE-Ak&ip=37.18.17.49&id=o-ABscxTYOPuAK7faYa1WAeSnxBzwjyRRL-0TEtAia04uA&source=youtube&requiressl=yes&xpc=EgVo2aDSNQ%3D%3D&met=1734520324%2C&mh=Ij&mm=31%2C29&mn=sn-o5035oxu-n8vl%2Csn-axq7sn7z&ms=au%2Crdu&mv=u&mvi=1&pl=25&rms=au%2Cau&spc=x-caUO7fAKOuokYZDp8EbWutv36VOM6lTSYF5JNJVEMePCgXLc3gdN4nIZUaujE&svpuc=1&ns=x2mYX0z1V090gU5efcUK9EcQ&sabr=1&rqh=1&mt=1734518812&fvip=1&keepalive=yes&fexp=51326932%2C51335594%2C51355912%2C51371294&c=WEB&n=kEJuHrccsq4tjw&sparams=expire%2Cei%2Cip%2Cid%2Csource%2Crequiressl%2Cxpc%2Cspc%2Csvpuc%2Cns%2Csabr%2Crqh&sig=AJfQdSswRQIhALskBcQ3vw-xD_myXH-uLWE1tMy2ujLlX1D3F6CJazrHAiAXhSrUDnz0I2GWFYm2-2skBKuJifP3EhidV1zLpp_FkA%3D%3D&lsparams=met%2Cmh%2Cmm%2Cmn%2Cms%2Cmv%2Cmvi%2Cpl%2Crms&lsig=AGluJ3MwRQIgJY58pLo-WtVLObVpQc9hEkgTWJCp-qmOg56KQE4fyTgCIQCJDu2WnhZAuzm5fNOUVkxIeCcm70jC-mUVdmOAn-iWBQ%3D%3D&cpn=kc5spv7jZ4WfROgo&cver=2.20241216.05.00&fallback_count=1&rn=10&alr=yes
204,POST,-1,21.01600000014514,https://www.youtube.com/api/stats/qoe?cpn=kc5spv7jZ4WfROgo&el=detailpage&ns=yt&fexp=v1%2C23986032%2C18612%2C434717%2C127326%2C133212%2C14625955%2C11684381%2C7111%2C36343%2C9954%2C9105%2C18310%2C4420%2C2821%2C46919%2C797%2C11396%2C19100%2C2471%2C6008%2C19339%2C18053%2C591%2C7505%2C5541%2C1823%2C3186%2C2912%2C4794%2C6942%2C408%2C20473%2C8%2C6227%2C2260%2C2144%2C9243%2C1581%2C1690%2C14%2C452%2C65%2C3426%2C2%2C120%2C366%2C576%2C1108%2C4903%2C763%2C2262%2C391%2C8511%2C3539%2C74%2C359%2C291%2C681%2C2%2C21%2C893%2C4367%2C982%2C2050%2C705%2C318%2C235%2C163%2C3313%2C1952%2C754%2C1248%2C4%2C675%2C334%2C1946%2C633%2C5185%2C2024%2C262%2C233%2C433%2C5382%2C916%2C31%2C3345%2C404%2C6275&cl=706555921&seq=7&docid=AnvlmQl_31k&ei=BK5iZ6_GGOKE0u8PreyE-Ak&event=streamingstats&plid=AAYpiXvK3Azg6e_w&cbr=Chrome&cbrver=109.0.0.0&c=WEB&cver=2.20241216.05.00&cplayer=UNIPLAYER&cos=Windows&cosver=10.0&cplatform=DESKTOP&bwe=62.874:327680,62.875:327680,70.086:327680&bat=62.874:1:1,62.875:1:1,70.086:1:1&vis=62.874:3&cmt=62.874:0.000,62.875:0.000,70.086:0.000&bh=62.874:0.000,62.875:0.000,70.086:0.000&vps=70.086:B&qclc=ChBrYzVzcHY3alo0V2ZST2dvEAc
204,POST,-1,21.94199999985358,https://www.youtube.com/api/stats/qoe?cpn=kc5spv7jZ4WfROgo&el=detailpage&ns=yt&fexp=v1%2C23986032%2C18612%2C434717%2C127326%2C133212%2C14625955%2C11684381%2C7111%2C36343%2C9954%2C9105%2C18310%2C4420%2C2821%2C46919%2C797%2C11396%2C19100%2C2471%2C6008%2C19339%2C18053%2C591%2C7505%2C5541%2C1823%2C3186%2C2912%2C4794%2C6942%2C408%2C20473%2C8%2C6227%2C2260%2C2144%2C9243%2C1581%2C1690%2C14%2C452%2C65%2C3426%2C2%2C120%2C366%2C576%2C1108%2C4903%2C763%2C2262%2C391%2C8511%2C3539%2C74%2C359%2C291%2C681%2C2%2C21%2C893%2C4367%2C982%2C2050%2C705%2C318%2C235%2C163%2C3313%2C1952%2C754%2C1248%2C4%2C675%2C334%2C1946%2C633%2C5185%2C2024%2C262%2C233%2C433%2C5382%2C916%2C31%2C3345%2C404%2C6275&cl=706555921&seq=8&docid=AnvlmQl_31k&ei=BK5iZ6_GGOKE0u8PreyE-Ak&event=streamingstats&plid=AAYpiXvK3Azg6e_w&cbr=Chrome&cbrver=109.0.0.0&c=WEB&cver=2.20241216.05.00&cplayer=UNIPLAYER&cos=Windows&cosver=10.0&cplatform=DESKTOP&bwe=70.990:327680,80.085:327680&bat=70.990:1:1,80.085:1:1&cmt=70.990:0.000,80.085:0.000&bh=70.990:0.000,80.085:0.000&vps=80.085:B&qclc=ChBrYzVzcHY3alo0V2ZST2dvEAg
0,POST,-1,22005.003000000215,https://rr1---sn-o5035oxu-n8vl.googlevideo.com/videoplayback?expire=1734541924&ei=BK5iZ6_GGOKE0u8PreyE-Ak&ip=37.18.17.49&id=o-ABscxTYOPuAK7faYa1WAeSnxBzwjyRRL-0TEtAia04uA&source=youtube&requiressl=yes&xpc=EgVo2aDSNQ%3D%3D&met=1734520324%2C&mh=Ij&mm=31%2C29&mn=sn-o5035oxu-n8vl%2Csn-axq7sn7z&ms=au%2Crdu&mv=u&mvi=1&pl=25&rms=au%2Cau&spc=x-caUO7fAKOuokYZDp8EbWutv36VOM6lTSYF5JNJVEMePCgXLc3gdN4nIZUaujE&svpuc=1&ns=x2mYX0z1V090gU5efcUK9EcQ&sabr=1&rqh=1&mt=1734518812&fvip=1&keepalive=yes&fexp=51326932%2C51335594%2C51355912%2C51371294&c=WEB&n=kEJuHrccsq4tjw&sparams=expire%2Cei%2Cip%2Cid%2Csource%2Crequiressl%2Cxpc%2Cspc%2Csvpuc%2Cns%2Csabr%2Crqh&sig=AJfQdSswRQIhALskBcQ3vw-xD_myXH-uLWE1tMy2ujLlX1D3F6CJazrHAiAXhSrUDnz0I2GWFYm2-2skBKuJifP3EhidV1zLpp_FkA%3D%3D&lsparams=met%2Cmh%2Cmm%2Cmn%2Cms%2Cmv%2Cmvi%2Cpl%2Crms&lsig=AGluJ3MwRQIgJY58pLo-WtVLObVpQc9hEkgTWJCp-qmOg56KQE4fyTgCIQCJDu2WnhZAuzm5fNOUVkxIeCcm70jC-mUVdmOAn-iWBQ%3D%3D&cpn=kc5spv7jZ4WfROgo&cver=2.20241216.05.00&rn=11&alr=yes
204,POST,-1,502.7669999999336,https://www.youtube.com/api/stats/qoe?cpn=kc5spv7jZ4WfROgo&el=detailpage&ns=yt&fexp=v1%2C23986032%2C18612%2C434717%2C127326%2C133212%2C14625955%2C11684381%2C7111%2C36343%2C9954%2C9105%2C18310%2C4420%2C2821%2C46919%2C797%2C11396%2C19100%2C2471%2C6008%2C19339%2C18053%2C591%2C7505%2C5541%2C1823%2C3186%2C2912%2C4794%2C6942%2C408%2C20473%2C8%2C6227%2C2260%2C2144%2C9243%2C1581%2C1690%2C14%2C452%2C65%2C3426%2C2%2C120%2C366%2C576%2C1108%2C4903%2C763%2C2262%2C391%2C8511%2C3539%2C74%2C359%2C291%2C681%2C2%2C21%2C893%2C4367%2C982%2C2050%2C705%2C318%2C235%2C163%2C3313%2C1952%2C754%2C1248%2C4%2C675%2C334%2C1946%2C633%2C5185%2C2024%2C262%2C233%2C433%2C5382%2C916%2C31%2C3345%2C404%2C6275&cl=706555921&seq=9&docid=AnvlmQl_31k&ei=BK5iZ6_GGOKE0u8PreyE-Ak&event=streamingstats&plid=AAYpiXvK3Azg6e_w&cbr=Chrome&cbrver=109.0.0.0&c=WEB&cver=2.20241216.05.00&cplayer=UNIPLAYER&cos=Windows&cosver=10.0&cplatform=DESKTOP&vps=110.088:B&bwe=110.088:327680&bat=110.088:1:1&cmt=110.088:0.000&bh=110.088:0.000&qclc=ChBrYzVzcHY3alo0V2ZST2dvEAk
204,POST,-1,21.666000000095664,https://www.youtube.com/api/stats/qoe?cpn=kc5spv7jZ4WfROgo&el=detailpage&ns=yt&fexp=v1%2C23986032%2C18612%2C434717%2C127326%2C133212%2C14625955%2C11684381%2C7111%2C36343%2C9954%2C9105%2C18310%2C4420%2C2821%2C46919%2C797%2C11396%2C19100%2C2471%2C6008%2C19339%2C18053%2C591%2C7505%2C5541%2C1823%2C3186%2C2912%2C4794%2C6942%2C408%2C20473%2C8%2C6227%2C2260%2C2144%2C9243%2C1581%2C1690%2C14%2C452%2C65%2C3426%2C2%2C120%2C366%2C576%2C1108%2C4903%2C763%2C2262%2C391%2C8511%2C3539%2C74%2C359%2C291%2C681%2C2%2C21%2C893%2C4367%2C982%2C2050%2C705%2C318%2C235%2C163%2C3313%2C1952%2C754%2C1248%2C4%2C675%2C334%2C1946%2C633%2C5185%2C2024%2C262%2C233%2C433%2C5382%2C916%2C31%2C3345%2C404%2C6275&cl=706555921&seq=10&docid=AnvlmQl_31k&ei=BK5iZ6_GGOKE0u8PreyE-Ak&event=streamingstats&plid=AAYpiXvK3Azg6e_w&cbr=Chrome&cbrver=109.0.0.0&c=WEB&cver=2.20241216.05.00&cplayer=UNIPLAYER&cos=Windows&cosver=10.0&cplatform=DESKTOP&bwe=120.095:327680,120.095:327680&bat=120.095:1:1,120.095:1:1&cmt=120.095:0.000,120.095:0.000&bh=120.095:0.000,120.095:0.000&vps=120.095:B&qclc=ChBrYzVzcHY3alo0V2ZST2dvEAo
302,GET,-1,23.478000000068278,https://googleads.g.doubleclick.net/pagead/id
200,GET,-1,21.983000000091124,https://googleads.g.doubleclick.net/pagead/id?slf_rd=1
200,GET,-1,93.54900000020682,https://i.ytimg.com/an_webp/LZ8tA65FZTA/mqdefault_6s.webp?du=3000&sqp=CJC2irsG&rs=AOn4CLAg1ZBpGegGipeVRm5NCqchGybBZg
200,GET,-1,57.423999999627995,https://i.ytimg.com/an_webp/6J2jaCUOwRs/mqdefault_6s.webp?du=3000&sqp=CM_EirsG&rs=AOn4CLCaP3b7LKXzQipIMhueA7PD7F4FBA
204,POST,-1,22.89599999994607,https://www.youtube.com/api/stats/qoe?cpn=kc5spv7jZ4WfROgo&el=detailpage&ns=yt&fexp=v1%2C23986032%2C18612%2C434717%2C127326%2C133212%2C14625955%2C11684381%2C7111%2C36343%2C9954%2C9105%2C18310%2C4420%2C2821%2C46919%2C797%2C11396%2C19100%2C2471%2C6008%2C19339%2C18053%2C591%2C7505%2C5541%2C1823%2C3186%2C2912%2C4794%2C6942%2C408%2C20473%2C8%2C6227%2C2260%2C2144%2C9243%2C1581%2C1690%2C14%2C452%2C65%2C3426%2C2%2C120%2C366%2C576%2C1108%2C4903%2C763%2C2262%2C391%2C8511%2C3539%2C74%2C359%2C291%2C681%2C2%2C21%2C893%2C4367%2C982%2C2050%2C705%2C318%2C235%2C163%2C3313%2C1952%2C754%2C1248%2C4%2C675%2C334%2C1946%2C633%2C5185%2C2024%2C262%2C233%2C433%2C5382%2C916%2C31%2C3345%2C404%2C6275&cl=706555921&seq=11&docid=AnvlmQl_31k&ei=BK5iZ6_GGOKE0u8PreyE-Ak&event=streamingstats&plid=AAYpiXvK3Azg6e_w&cbr=Chrome&cbrver=109.0.0.0&c=WEB&cver=2.20241216.05.00&cplayer=UNIPLAYER&cos=Windows&cosver=10.0&cplatform=DESKTOP&bwe=136.001:327680,136.002:327680,140.006:327680&bat=136.001:1:1,136.002:1:1,140.006:1:1&vis=136.001:0&cmt=136.001:0.000,136.002:0.000,140.006:0.000&bh=136.001:0.000,136.002:0.000,140.006:0.000&vps=140.006:B&qclc=ChBrYzVzcHY3alo0V2ZST2dvEAs
0,POST,-1,21652.89299999995,https://rr1---sn-axq7sn7z.googlevideo.com/videoplayback?expire=1734541924&ei=BK5iZ6_GGOKE0u8PreyE-Ak&ip=37.18.17.49&id=o-ABscxTYOPuAK7faYa1WAeSnxBzwjyRRL-0TEtAia04uA&source=youtube&requiressl=yes&xpc=EgVo2aDSNQ%3D%3D&met=1734520324%2C&mh=Ij&mm=31%2C29&mn=sn-o5035oxu-n8vl%2Csn-axq7sn7z&ms=au%2Crdu&mv=u&mvi=1&pl=25&rms=au%2Cau&spc=x-caUO7fAKOuokYZDp8EbWutv36VOM6lTSYF5JNJVEMePCgXLc3gdN4nIZUaujE&svpuc=1&ns=x2mYX0z1V090gU5efcUK9EcQ&sabr=1&rqh=1&mt=1734518812&fvip=1&keepalive=yes&fexp=51326932%2C51335594%2C51355912%2C51371294&c=WEB&n=kEJuHrccsq4tjw&sparams=expire%2Cei%2Cip%2Cid%2Csource%2Crequiressl%2Cxpc%2Cspc%2Csvpuc%2Cns%2Csabr%2Crqh&sig=AJfQdSswRQIhALskBcQ3vw-xD_myXH-uLWE1tMy2ujLlX1D3F6CJazrHAiAXhSrUDnz0I2GWFYm2-2skBKuJifP3EhidV1zLpp_FkA%3D%3D&lsparams=met%2Cmh%2Cmm%2Cmn%2Cms%2Cmv%2Cmvi%2Cpl%2Crms&lsig=AGluJ3MwRQIgJY58pLo-WtVLObVpQc9hEkgTWJCp-qmOg56KQE4fyTgCIQCJDu2WnhZAuzm5fNOUVkxIeCcm70jC-mUVdmOAn-iWBQ%3D%3D&cpn=kc5spv7jZ4WfROgo&cver=2.20241216.05.00&fallback_count=1&rn=12&alr=yes